Image,Method,Search Depth,Steps,Time,Occlusion Cost,Smoothness Threshold
Art,GC,40,10,223.90921115875244,200,30
Art,GC,40,40,792.406955242157,200,30
Art,GC,40,20,397.4262731075287,200,30
Art,GC,40,20,406.44765615463257,200,10
Art,GC,40,20,369.89765095710754,20,10
Art,GC,40,40,780.397735118866,200,10
Dolls,GC,55,55,944.2611567974092,200,10
Reindeer,GC,50,50,836.9789748191833,200,10
Laundry,GC,50,50,1168.911556005478,200,10
Moebius,GC,50,50,943.0449414253235,200,10
