Image,Method,Search Depth,Time,Accuracy
Art,SSD,200,8.373036623001099,
Books,SSD,200,5.833353757858276,
Dolls,SSD,200,5.504634141921997,
Laundry,SSD,230,5.738881826400757,
Moebius,SSD,200,5.259964942932129,
Reindeer,SSD,230,5.2841796875,
